[
    {
        "id": 1,
        "name": "qwe",
        "password": "qwe",
        "balance": -6000
    },
    {
        "id": 2,
        "name": "123",
        "password": "123",
        "balance": 0
    },
    {
        "id": 3,
        "name": "\u0420\u0452\u0421\u0403\u0420\u00b0",
        "password": "123",
        "balance": 1010000
    },
    {
        "id": 4,
        "name": "\u0410\u0437\u0430\u0442",
        "password": "1111",
        "balance": -1000
    },
    {
        "id": 5,
        "name": "123",
        "password": "123",
        "balance": 0
    },
    {
        "id": 6,
        "name": "\u0442\u0438\u0433\u0440",
        "password": "123",
        "balance": 0
    },
    {
        "id": 7,
        "name": "jkggl",
        "password": "1123",
        "balance": 0
    }
]